{"name":"token-action-hud","title":"Token Action HUD","author":"^ and stick#0520","description":"Creates a bar showing a selected token's actions.","minimumCoreVersion":"0.6.0","compatibleCoreVersion":"0.6.4","esmodules":["./scripts/init.js"],"styles":["./templates/token-action-hud.css"],"systems":["dnd5e","pf2e", "wfrp4e"],"url":"https://github.com/espositos/fvtt-tokenactionhud","manifest":"https://github.com/espositos/fvtt-tokenactionhud/raw/master/module.json","version":"0.2.4","download":"https://github.com/espositos/fvtt-tokenactionhud/releases/download/0.2.4/release_0.2.4.zip"}